,dataset,complete,correctness,fidelity,robustness,rule_n,avg_length,overlap,class_fraction
0,adult,1.0,0.7522114108801415,0.6943830163644406,0.6675143741707209,11,5.909090909090909,0,0.5
