,method,complete,correctness,fidelity,robustness,rule_n,avg_length,overlap,class_fraction
0,NEW METHOD,1.0,0.6582914572864321,0.9246231155778895,0.11557788944723618,13,9.846153846153847,0.49246231155778897,1.0
