,method,complete,correctness,fidelity,robustness,rule_n,avg_length,overlap,class_fraction
0,NEW METHOD,1.0,0.5892901139513397,0.7548275331074839,0.1955728364644287,104,16.76923076923077,0.9824684323991376,1.0
