,method,complete,correctness,fidelity,robustness,rule_n,avg_length,overlap,class_fraction
0,NEW METHOD,1.0,0.9002540806898676,0.999738219895288,0.5096088697259008,137,4.890510948905109,0.9189405605174007,1.0
