,method,complete,correctness,fidelity,robustness,rule_n,avg_length,overlap,class_fraction
0,NEW METHOD,1.0,0.36363636363636365,0.9595959595959596,0.48484848484848486,12,10.916666666666666,0.8585858585858586,1.0
