,method,complete,correctness,fidelity,robustness,rule_n,avg_length,overlap,class_fraction
0,NEW METHOD,1.0,0.9574251375025463,0.992870238337747,0.9969443878590344,15,2.6666666666666665,0.9423507842737828,0.5
