,method,complete,correctness,fidelity,robustness,rule_n,avg_length,overlap,class_fraction
0,C45 PANE,1.0,0.898418782942022,0.915428845232391,0.14901772879731673,9725,16.85922879177378,0.0,1.0
1,NEW METHOD,1.0,0.5546556764268942,0.5158384051372982,0.004936023386207888,139,8.992805755395683,0.6352614175492405,0.9166666666666666
