,method,complete,correctness,fidelity,robustness,rule_n,avg_length,overlap,class_fraction
0,C45 PANE,1.0,0.8921330089213301,1.0,0.6427412814274128,94,7.191489361702128,0.0,1.0
1,NEW METHOD,1.0,0.8851581508515816,0.997242497972425,0.5512570965125709,108,2.0,0.1467153284671533,1.0
