,method,complete,correctness,fidelity,robustness,rule_n,avg_length,overlap,class_fraction
0,REFNE,1.0,0.5319148936170213,0.5106382978723404,1.0,24,2.9583333333333335,0.8315602836879432,0.5
