,method,complete,correctness,fidelity,robustness,rule_n,avg_length,overlap,class_fraction
0,NEW METHOD,1.0,0.8995842315983985,0.9985602094240837,0.11683862026485987,80,4.4125,0.1354712041884817,1.0
