,method,complete,correctness,fidelity,robustness,rule_n,avg_length,overlap,class_fraction
0,NEW METHOD,1.0,0.7650739476678043,0.8850967007963595,0.9783845278725825,13,2.1538461538461537,0.26535836177474403,1.0
