,method,complete,correctness,fidelity,robustness,rule_n,avg_length,overlap,class_fraction
0,C45 PANE,1.0,0.7863333333333333,0.9965,0.8108333333333333,357,10.61344537815126,0.0,1.0
1,NEW METHOD,1.0,0.6478333333333334,0.7985666666666666,0.15716666666666668,491,6.997963340122199,0.8660333333333333,1.0
