,method,complete,correctness,fidelity,robustness,rule_n,avg_length,overlap,class_fraction
0,NEW METHOD,1.0,0.8,0.8418604651162791,0.9534883720930233,11,4.818181818181818,0.7627906976744186,1.0
