,method,complete,correctness,fidelity,robustness,rule_n,avg_length,overlap,class_fraction
0,NEW METHOD,1.0,0.8096858638743456,0.842508469356329,0.06574530335694487,234,8.38034188034188,0.9912226670773021,1.0
